Date,Number,Akrotiri_Prec,Larnaka_Prec,Paphos_Prec,Akrotiri_RH,Larnaka_RH,Paphos_RH,Akrotiri_Temp,Larnaka_Temp,Paphos_Temp,Akrotiri_WS,Larnaka_WS,Paphos_WS
20060101,0,0.1,0.1,0.1,39.1,37.1,67.1,18.3,18.5,18.1,27.88,24.176,13.064
20060102,0,0.1,0.1,0.1,39.1,37.1,66.1,19.9,19.7,19.2,5.656,26.028,18.62
20060103,0,0.1,0.1,0.1,38.1,39.1,60.1,18.6,18.4,19.2,37.14,29.732,7.508
20060104,0,0.1,0.1,0.1,37.1,40.1,59.1,18.7,18.6,19.2,44.548,35.288,13.064
20060105,0,0.2,0.2,0.1,56.1,54.1,49.1,19.2,20.2,21.1,29.732,22.324,31.584
20060106,0,0.1,0.1,0.1,55.1,57.1,64.1,18.9,19.7,20.0,14.916,11.212,9.36
20060107,0,0.1,0.7,0.1,41.1,46.1,60.1,16.0,17.2,17.1,27.88,22.324,27.88
20060108,0,0.4,1.0,5.2,42.1,44.1,52.1,16.2,16.6,16.8,18.62,24.176,26.028
20060109,0,3.1,0.1,0.1,64.1,38.1,54.1,12.8,15.2,16.8,16.768,13.064,14.916
20060110,0,0.3,0.4,17.1,58.1,73.1,58.1,13.6,11.8,14.1,31.584,16.768,26.028
20060111,0,4.2,32.0,7.0,88.1,82.1,65.1,10.2,11.7,14.4,14.916,22.324,16.768
20060112,0,0.7,12.1,0.1,51.1,60.1,52.1,15.1,13.2,16.9,3.804,24.176,16.768
20060113,0,1.2,0.2,0.1,35.1,54.1,45.1,15.1,15.3,15.6,18.62,5.656,16.768
20060114,0,0.1,28.1,0.1,43.1,42.1,39.1,14.8,15.1,16.4,20.472,20.472,16.768
20060115,0,0.1,0.1,15.1,34.1,36.1,44.1,15.1,14.9,16.0,7.508,20.472,20.472
20060116,0,0.1,0.1,0.1,36.1,33.1,42.1,14.8,15.3,15.0,7.508,13.064,13.064
20060117,0,0.4,0.2,0.3,40.1,44.1,48.1,14.9,14.9,16.0,22.324,9.36,31.584
20060118,0,0.2,0.1,0.4,47.1,32.1,55.1,14.2,16.8,15.2,27.88,14.916,24.176
20060119,0,2.1,0.4,4.1,62.1,57.1,61.1,15.4,17.1,17.4,18.62,29.732,5.656
20060120,0,0.4,3.2,3.1,45.1,39.1,57.1,14.7,17.4,15.6,35.288,33.436,40.844
20060121,0,0.1,0.1,0.1,42.1,42.1,48.1,15.2,15.4,16.0,9.36,13.064,18.62
20060122,0,0.2,0.1,0.1,56.1,61.1,60.1,15.0,15.6,15.7,16.768,20.472,14.916
20060123,0,2.6,4.5,0.8,71.1,70.1,69.1,14.4,13.6,16.8,20.472,31.584,14.916
20060124,0,1.3,8.1,2.7,64.1,74.1,70.1,17.2,17.2,18.4,14.916,9.36,9.36
20060125,0,12.1,3.1,8.1,87.1,70.1,72.1,12.0,13.5,14.7,11.212,46.4,35.288
20060126,0,2.2,1.1,1.4,47.1,45.1,54.1,13.1,16.2,13.6,27.88,35.288,31.584
20060127,0,0.2,0.1,0.1,42.1,48.1,53.1,12.8,14.9,13.5,22.324,3.804,24.176
20060128,0,0.1,0.2,0.1,40.1,35.1,46.1,14.0,14.2,14.7,20.472,18.62,29.732
20060129,0,0.1,0.1,0.1,46.1,43.1,53.1,14.2,14.3,14.6,13.064,9.36,14.916
20060130,0,0.1,0.1,0.1,43.1,22.1,47.1,14.8,16.2,15.3,7.508,13.064,9.36
20060131,0,0.1,0.1,0.1,45.1,34.1,50.1,14.6,15.5,15.7,9.36,7.508,9.36
20060201,0,0.1,0.1,0.1,52.1,43.1,54.1,13.8,14.7,15.2,38.992,29.732,18.62
20060202,0,0.2,0.3,0.1,55.1,62.1,48.1,17.3,15.9,20.3,38.992,33.436,16.768
20060203,0,0.1,0.1,0.1,55.1,54.1,41.1,17.3,17.0,19.4,18.62,24.176,31.584
20060204,1,0.1,0.3,0.1,46.1,48.1,54.1,15.8,18.5,17.2,26.028,37.14,18.62
20060205,0,0.2,0.1,0.1,75.1,62.1,75.1,15.2,17.1,15.6,7.508,7.508,14.916
20060206,0,2.2,0.2,0.6,56.1,59.1,67.1,16.9,18.4,17.0,16.768,24.176,16.768
20060207,0,6.2,4.2,4.7,70.1,72.1,76.1,17.7,18.1,18.3,14.916,24.176,22.324
20060208,0,14.2,9.1,20.2,59.1,73.1,59.1,11.0,9.2,13.6,29.732,33.436,40.844
20060209,0,6.1,3.2,6.1,45.1,44.1,60.1,13.3,15.2,14.7,37.14,37.14,33.436
20060210,0,0.2,0.1,0.1,65.1,56.1,67.1,15.6,17.5,16.6,5.656,24.176,18.62
20060211,0,3.1,0.3,0.5,60.1,52.1,62.1,16.1,17.1,17.2,16.768,22.324,18.62
20060212,0,0.3,0.1,0.6,68.1,62.1,69.1,16.6,17.6,17.9,20.472,35.288,29.732
20060213,0,0.3,0.3,0.1,44.1,44.1,46.1,13.4,15.4,14.0,24.176,31.584,31.584
20060214,0,0.2,0.1,0.4,53.1,45.1,61.1,10.7,13.4,10.6,22.324,29.732,14.916
20060215,0,2.1,0.5,1.8,34.1,47.1,42.1,10.1,9.6,11.6,37.14,35.288,31.584
20060216,0,0.2,0.2,0.1,36.1,35.1,42.1,10.1,10.9,11.0,27.88,13.064,27.88
20060217,0,0.2,0.1,0.1,48.1,49.1,49.1,13.7,13.1,14.6,11.212,1.952,3.804
20060218,0,0.2,0.1,1.1,61.1,59.1,64.1,16.8,16.3,17.3,5.656,9.36,7.508
20060219,0,0.1,0.1,0.1,56.1,56.1,70.1,17.3,17.0,17.2,31.584,20.472,16.768
20060220,0,0.1,0.1,0.1,47.1,47.1,66.1,18.4,18.5,18.7,26.028,18.62,18.62
20060221,0,0.2,0.1,0.1,47.1,32.1,62.1,19.0,20.4,18.7,14.916,20.472,9.36
20060222,0,0.1,0.1,0.1,61.1,46.1,64.1,17.8,19.9,19.0,9.36,11.212,24.176
20060223,1,0.1,0.1,0.1,42.1,52.1,51.1,19.2,20.2,19.5,16.768,9.36,16.768
20060224,0,0.1,0.1,0.1,51.1,60.1,27.1,19.6,20.0,22.3,22.324,11.212,38.992
20060225,0,0.1,0.1,0.1,63.1,41.1,72.1,16.7,20.1,17.7,35.288,3.804,26.028
20060226,0,0.1,0.1,0.1,56.1,52.1,67.1,18.0,18.7,18.1,7.508,13.064,11.212
20060227,0,0.1,0.2,0.1,55.1,67.1,59.1,17.5,18.1,18.4,13.064,29.732,13.064
20060228,0,0.1,0.1,0.1,63.1,56.1,63.1,17.0,19.0,17.2,18.62,18.62,22.324
20060301,1,0.1,0.1,0.1,66.1,63.1,63.1,17.6,20.2,18.8,31.584,22.324,31.584
20060302,2,0.1,0.1,0.1,49.1,49.1,59.1,17.4,19.3,18.3,26.028,35.288,13.064
20060303,2,0.1,0.1,0.1,63.1,60.1,70.1,17.7,18.5,18.6,13.064,44.548,11.212
20060304,0,0.1,0.3,0.1,51.1,58.1,65.1,18.5,19.7,17.8,13.064,18.62,16.768
20060305,0,0.1,0.3,0.1,47.1,46.1,53.1,16.5,17.9,17.8,27.88,26.028,18.62
20060306,1,0.1,0.5,0.1,53.1,52.1,55.1,17.6,18.4,18.4,9.36,13.064,20.472
20060307,2,0.1,0.1,0.1,70.1,66.1,40.1,18.1,19.9,21.6,27.88,16.768,35.288
20060308,0,2.1,7.1,0.3,70.1,76.1,58.1,16.0,15.1,17.2,24.176,29.732,48.252
20060309,0,6.3,6.1,8.9,47.1,51.1,59.1,13.7,16.2,14.7,40.844,27.88,46.4
20060310,0,0.5,0.1,3.1,41.1,52.1,50.1,13.9,15.6,15.2,29.732,26.028,29.732
20060311,0,0.1,0.1,0.1,53.1,49.1,61.1,15.5,16.4,16.1,7.508,11.212,18.62
20060312,0,0.1,0.1,0.1,61.1,53.1,46.1,18.8,19.7,20.4,29.732,20.472,31.584
20060313,0,0.1,0.3,0.1,53.1,47.1,59.1,17.7,19.8,18.1,16.768,35.288,11.212
20060314,0,0.3,0.1,3.1,56.1,61.1,67.1,18.2,18.6,16.7,29.732,33.436,27.88
20060315,0,3.5,2.1,4.1,53.1,44.1,60.1,16.2,18.8,17.3,37.14,16.768,29.732
20060316,0,0.2,0.5,0.1,51.1,60.1,58.1,16.4,16.2,17.3,26.028,20.472,14.916
20060317,0,0.1,0.5,3.1,51.1,38.1,56.1,15.9,19.3,18.0,27.88,31.584,24.176
20060318,0,0.1,0.1,0.1,49.1,49.1,58.1,15.9,17.9,16.8,27.88,35.288,22.324
20060319,0,1.5,0.7,2.1,69.1,66.1,72.1,18.2,16.3,19.2,5.656,37.14,9.36
20060320,0,0.2,5.0,0.2,53.1,55.1,60.1,17.1,18.5,17.5,16.768,20.472,14.916
20060321,0,0.1,0.2,0.1,58.1,48.1,69.1,19.2,20.2,19.6,9.36,14.916,14.916
20060322,0,0.1,0.1,0.1,59.1,57.1,61.1,18.9,19.9,19.4,13.064,18.62,9.36
20060323,0,0.1,0.3,0.1,60.1,54.1,53.1,19.9,20.3,20.8,20.472,11.212,31.584
20060324,0,0.1,0.5,0.1,65.1,71.1,73.1,18.3,19.2,18.3,20.472,18.62,20.472
20060325,0,0.3,0.1,0.1,59.1,52.1,71.1,17.6,20.2,17.6,35.288,44.548,27.88
20060326,0,0.2,2.1,2.1,53.1,76.1,64.1,17.5,15.7,17.7,31.584,13.064,24.176
20060327,0,0.1,0.3,0.1,55.1,57.1,62.1,17.8,19.0,18.7,14.916,20.472,16.768
20060328,0,0.1,0.1,0.1,56.1,53.1,66.1,18.1,19.6,19.0,20.472,20.472,20.472
20060329,0,0.2,0.1,0.1,78.1,64.1,74.1,16.8,19.7,18.7,27.88,27.88,20.472
20060330,0,0.1,0.2,0.1,59.1,59.1,66.1,18.8,19.7,19.4,18.62,33.436,16.768
20060331,0,0.1,0.2,0.1,62.1,59.1,67.1,18.8,19.7,19.5,18.62,13.064,24.176
20060401,0,0.1,0.5,0.1,31.1,47.1,67.1,22.7,21.9,20.4,16.768,11.212,27.88
20060402,0,0.3,0.5,0.1,61.1,43.1,70.1,20.2,22.6,20.6,11.212,26.028,29.732
20060403,0,0.1,0.1,0.1,62.1,61.1,75.1,19.8,21.2,19.6,27.88,20.472,14.916
20060404,0,4.1,5.3,0.1,56.1,54.1,60.1,16.8,17.2,16.4,20.472,14.916,13.064
20060405,0,0.4,9.5,10.1,68.1,84.1,64.1,15.8,14.1,17.6,24.176,14.916,14.916
20060406,0,1.0,6.3,0.3,67.1,56.1,73.1,18.2,20.2,19.2,24.176,16.768,18.62
20060407,0,0.1,0.2,0.1,62.1,58.1,67.1,18.6,20.3,19.6,20.472,22.324,11.212
20060408,0,0.1,0.1,0.1,72.1,70.1,68.1,17.6,18.9,20.7,26.028,11.212,24.176
20060409,0,0.1,0.3,0.1,66.1,65.1,72.1,19.2,22.0,20.1,26.028,38.992,18.62
20060410,0,0.1,0.2,0.1,57.1,49.1,67.1,19.8,21.5,19.8,20.472,31.584,9.36
20060411,1,0.1,0.1,0.1,64.1,51.1,72.1,19.2,21.8,20.5,22.324,29.732,31.584
20060412,1,0.1,0.3,0.1,65.1,57.1,71.1,18.9,21.0,20.0,16.768,24.176,13.064
20060413,0,0.1,0.2,0.1,34.1,45.1,71.1,22.0,21.8,20.1,9.36,16.768,14.916
20060414,0,0.1,0.1,0.1,48.1,30.1,58.1,23.6,27.2,23.0,11.212,13.064,9.36
20060415,1,0.1,0.1,0.1,57.1,47.1,70.1,18.8,23.0,18.6,42.696,48.252,27.88
20060416,0,0.1,0.1,0.1,39.1,54.1,66.1,19.9,20.4,21.0,16.768,14.916,18.62
20060417,0,0.1,0.1,0.1,65.1,61.1,75.1,21.0,22.3,21.2,13.064,26.028,11.212
20060418,0,0.1,0.3,0.3,58.1,65.1,72.1,21.2,20.5,21.4,11.212,13.064,20.472
20060419,0,0.1,0.3,0.1,61.1,66.1,74.1,21.0,21.2,20.9,13.064,13.064,22.324
20060420,0,0.1,0.1,0.1,52.1,61.1,73.1,23.2,23.2,22.0,13.064,16.768,7.508
20060421,0,0.1,0.4,0.1,68.1,51.1,67.1,19.8,24.5,21.8,33.436,35.288,18.62
20060422,0,0.1,0.1,0.1,58.1,63.1,72.1,21.1,20.7,20.9,13.064,9.36,22.324
20060423,0,0.1,0.1,0.1,68.1,40.1,69.1,19.9,27.6,20.8,48.252,20.472,29.732
20060424,0,3.1,2.1,5.1,53.1,59.1,61.1,20.8,20.5,21.8,5.656,14.916,33.436
20060425,0,0.2,0.1,0.1,48.1,18.1,59.1,21.1,25.1,22.1,20.472,27.88,11.212
20060426,0,0.1,0.1,0.1,29.1,31.1,39.1,20.5,21.0,21.6,13.064,18.62,14.916
20060427,0,0.1,0.1,0.1,49.1,42.1,58.1,20.4,22.0,21.8,14.916,24.176,14.916
20060428,2,0.1,0.1,0.1,64.1,59.1,69.1,19.7,21.4,20.5,16.768,14.916,24.176
20060429,0,0.2,0.1,0.1,57.1,55.1,68.1,22.7,24.6,22.6,16.768,22.324,13.064
20060430,0,0.1,0.1,0.1,64.1,59.1,67.1,19.8,22.8,21.8,37.14,29.732,26.028
20060501,1,0.1,0.1,0.1,59.1,49.1,71.1,20.2,23.5,20.8,14.916,20.472,13.064
20060502,0,0.3,0.2,0.3,61.1,49.1,68.1,20.7,24.7,21.8,31.584,26.028,27.88
20060503,0,0.1,0.1,0.1,55.1,60.1,70.1,21.8,21.5,20.8,18.62,16.768,16.768
20060504,0,0.1,0.1,0.1,57.1,48.1,63.1,20.9,23.1,21.6,13.064,14.916,9.36
20060505,0,0.1,0.1,0.1,50.1,44.1,59.1,19.9,23.3,20.4,26.028,40.844,20.472
20060506,0,0.2,0.2,0.2,52.1,59.1,65.1,20.4,20.3,20.2,3.804,18.62,11.212
20060507,0,0.8,1.2,3.9,45.1,43.1,64.1,23.6,25.3,22.9,20.472,18.62,35.288
20060508,0,0.1,0.1,0.1,64.1,52.1,63.1,21.1,23.1,22.2,20.472,37.14,33.436
20060509,0,0.1,0.1,0.1,47.1,35.1,54.1,20.3,24.5,22.1,38.992,24.176,27.88
20060510,1,0.1,0.1,0.1,45.1,52.1,58.1,22.0,23.7,21.3,9.36,20.472,11.212
20060511,1,0.1,0.1,0.1,58.1,48.1,58.1,21.5,23.8,22.5,13.064,24.176,27.88
20060512,0,0.1,0.1,0.1,38.1,34.1,55.1,23.4,26.3,23.1,18.62,27.88,35.288
20060513,2,0.1,0.1,0.1,24.1,38.1,58.1,25.8,26.9,23.8,27.88,24.176,24.176
20060514,0,0.1,0.1,0.1,49.1,62.1,66.1,23.8,24.6,23.8,9.36,18.62,9.36
20060515,2,0.1,0.1,0.1,54.1,32.1,74.1,24.0,27.2,22.7,16.768,22.324,16.768
20060516,2,0.1,0.1,0.1,58.1,49.1,65.1,21.4,24.1,21.6,27.88,33.436,16.768
20060517,0,0.1,0.2,0.1,57.1,66.1,69.1,23.6,21.4,23.2,18.62,29.732,14.916
20060518,2,0.1,0.1,0.1,69.1,55.1,71.1,21.9,24.3,22.8,20.472,37.14,14.916
20060519,0,0.1,0.1,0.1,57.1,62.1,59.1,22.6,23.0,24.1,14.916,16.768,16.768
20060520,0,0.1,0.1,0.1,61.1,47.1,73.1,23.3,26.4,24.2,27.88,27.88,26.028
20060521,1,0.1,0.1,0.1,59.1,50.1,71.1,23.8,27.1,24.4,33.436,29.732,24.176
20060522,1,0.1,0.1,0.1,53.1,61.1,72.1,24.8,25.5,24.0,13.064,22.324,9.36
20060523,2,0.1,0.1,0.1,61.1,53.1,77.1,24.3,26.3,23.7,13.064,18.62,7.508
20060524,0,0.1,0.3,0.1,46.1,43.1,59.1,27.8,30.4,26.4,13.064,18.62,9.36
20060525,5,0.1,0.1,0.1,23.1,32.1,69.1,31.8,33.9,27.1,20.472,14.916,24.176
20060526,3,0.1,0.1,0.1,50.1,29.1,75.1,27.5,33.8,27.0,22.324,18.62,18.62
20060527,1,0.1,0.1,0.1,51.1,60.1,72.1,25.6,27.7,26.1,20.472,29.732,13.064
20060528,1,0.1,0.2,0.1,63.1,56.1,70.1,24.6,27.2,26.1,14.916,20.472,7.508
20060529,0,0.1,0.3,0.1,53.1,53.1,75.1,27.0,29.1,26.1,13.064,18.62,9.36
20060530,0,0.1,0.1,0.1,32.1,35.1,69.1,29.5,32.3,27.9,18.62,22.324,20.472
20060531,2,0.1,0.1,0.1,58.1,35.1,67.1,24.9,30.2,26.4,33.436,26.028,31.584
20060601,1,0.1,0.1,0.1,62.1,45.1,75.1,26.1,29.6,25.7,26.028,20.472,31.584
20060602,3,0.1,0.2,0.1,61.1,58.1,70.1,28.2,30.2,26.8,11.212,14.916,9.36
20060603,0,0.1,0.3,0.1,46.1,56.1,78.1,29.3,30.5,28.0,11.212,20.472,24.176
20060604,3,0.1,0.3,0.1,44.1,75.1,73.1,30.9,29.3,27.7,7.508,16.768,26.028
20060605,3,0.1,0.2,0.1,25.1,18.1,34.1,35.0,39.3,32.3,14.916,24.176,35.288
20060606,1,0.1,0.1,0.1,45.1,46.1,67.1,26.7,31.9,25.1,33.436,11.212,33.436
20060607,1,0.1,0.1,0.1,62.1,43.1,66.1,23.8,31.0,25.8,42.696,20.472,22.324
20060608,0,0.1,0.1,0.1,60.1,53.1,65.1,23.8,28.4,25.7,44.548,33.436,22.324
20060609,0,0.1,0.1,0.1,46.1,47.1,65.1,24.3,26.7,24.9,31.584,38.992,13.064
20060610,3,0.1,0.1,0.1,44.1,39.1,58.1,24.6,27.8,25.1,22.324,27.88,20.472
20060611,0,0.1,0.1,0.1,51.1,45.1,60.1,24.3,27.3,24.7,38.992,29.732,31.584
20060612,0,0.1,0.1,0.1,37.1,44.1,70.1,26.4,28.0,25.7,22.324,18.62,16.768
20060613,2,0.1,0.1,0.1,44.1,33.1,66.1,26.2,30.5,25.5,27.88,18.62,26.028
20060614,1,0.1,0.1,0.1,60.1,38.1,66.1,23.4,30.0,24.9,38.992,31.584,27.88
20060615,0,0.1,0.1,0.1,53.1,46.1,67.1,25.4,27.5,24.9,27.88,24.176,14.916
20060616,0,0.1,0.1,0.1,58.1,54.1,65.1,25.0,27.8,25.2,26.028,24.176,16.768
20060617,1,0.1,0.1,0.1,40.1,54.1,70.1,27.1,28.3,26.4,7.508,18.62,16.768
20060618,3,0.1,0.1,0.1,29.1,30.1,72.1,30.7,32.6,26.8,9.36,14.916,14.916
20060619,2,0.1,0.1,0.1,40.1,37.1,79.1,30.9,31.8,26.8,13.064,18.62,14.916
20060620,3,0.1,0.1,0.1,44.1,42.1,83.1,28.8,31.8,27.4,24.176,27.88,14.916
20060621,2,0.1,0.1,0.1,64.1,55.1,74.1,27.1,30.7,26.8,27.88,38.992,14.916
20060622,4,0.1,0.1,0.1,57.1,60.1,71.1,27.2,29.4,26.9,20.472,37.14,13.064
20060623,0,0.1,0.1,0.1,65.1,58.1,77.1,27.2,30.2,28.1,18.62,29.732,11.212
20060624,4,0.1,0.1,0.1,66.1,63.1,75.1,26.8,29.3,28.1,13.064,22.324,16.768
20060625,0,0.1,0.3,0.1,62.1,61.1,72.1,27.2,29.6,28.5,13.064,20.472,11.212
20060626,0,0.1,0.1,0.1,66.1,62.1,75.1,28.0,30.0,27.9,22.324,27.88,16.768
20060627,1,0.1,0.2,0.1,64.1,61.1,75.1,27.3,29.4,27.6,24.176,38.992,16.768
20060628,1,0.1,0.1,0.1,68.1,62.1,74.1,27.7,29.8,28.6,20.472,31.584,13.064
20060629,1,0.1,0.3,0.1,66.1,66.1,72.1,27.9,29.1,28.9,16.768,31.584,9.36
20060630,1,0.1,0.1,0.1,69.1,66.1,75.1,28.6,30.1,29.0,20.472,33.436,16.768
20060701,1,0.1,0.1,0.1,62.1,40.1,78.1,30.0,34.1,29.4,18.62,26.028,11.212
20060702,1,0.1,0.3,0.1,80.1,62.1,21.1,29.1,32.8,31.0,18.62,24.176,20.472
20060703,2,0.1,0.6,0.1,73.1,68.1,79.1,29.6,31.2,29.6,31.584,27.88,18.62
20060704,0,0.1,0.2,0.1,63.1,60.1,71.1,28.4,29.9,28.5,27.88,46.4,18.62
20060705,0,0.1,0.1,0.1,58.1,44.1,68.1,26.7,30.7,27.8,26.028,9.36,18.62
20060706,1,0.1,0.2,0.1,56.1,72.1,50.1,28.2,26.2,30.5,9.36,20.472,13.064
20060707,1,0.1,0.7,0.1,42.1,46.1,74.1,29.6,31.1,28.8,18.62,24.176,14.916
20060708,1,0.1,0.1,0.1,67.1,32.1,73.1,29.1,33.9,29.4,27.88,18.62,24.176
20060709,1,0.1,0.1,0.1,59.1,51.1,66.1,27.8,31.8,29.7,26.028,29.732,20.472
20060710,1,0.1,0.1,0.1,52.1,56.1,65.1,28.9,30.3,30.0,24.176,27.88,22.324
20060711,2,0.1,0.1,0.1,64.1,32.1,68.1,28.2,32.8,29.8,27.88,27.88,20.472
20060712,1,0.1,0.1,0.1,52.1,49.1,70.1,29.3,32.8,29.9,33.436,31.584,24.176
20060713,3,0.1,0.1,0.1,66.1,51.1,71.1,27.4,32.7,28.4,35.288,33.436,27.88
20060714,0,0.1,0.1,0.1,63.1,58.1,73.1,26.8,30.3,27.5,29.732,44.548,20.472
20060715,0,0.1,0.1,0.1,66.1,59.1,73.1,28.0,30.1,28.7,20.472,27.88,13.064
20060716,2,0.1,0.1,0.1,66.1,57.1,72.1,28.4,30.9,28.9,14.916,20.472,11.212
20060717,1,0.1,0.3,0.1,70.1,66.1,76.1,29.4,31.1,30.2,24.176,29.732,22.324
20060718,2,0.1,0.4,0.1,62.1,47.1,76.1,29.2,34.0,30.3,26.028,27.88,20.472
20060719,1,0.1,0.1,0.1,70.1,55.1,76.1,28.6,32.7,29.8,27.88,29.732,20.472
20060720,3,0.1,0.1,0.1,71.1,49.1,79.1,28.5,33.2,28.9,20.472,16.768,16.768
20060721,0,0.1,0.1,0.1,69.1,62.1,78.1,28.6,31.5,28.6,24.176,35.288,16.768
20060722,2,0.1,0.1,0.1,62.1,62.1,71.1,29.3,30.8,29.1,24.176,37.14,11.212
20060723,1,0.1,0.1,0.1,67.1,60.1,75.1,29.3,31.7,30.2,22.324,31.584,26.028
20060724,0,0.1,0.1,0.1,67.1,32.1,71.1,28.6,34.4,29.4,29.732,26.028,24.176
20060725,2,0.1,0.1,0.1,66.1,40.1,76.1,29.4,32.9,29.5,18.62,20.472,14.916
20060726,1,0.1,0.2,0.1,73.1,62.1,78.1,29.0,31.8,29.5,20.472,35.288,18.62
20060727,1,0.1,0.4,0.1,67.1,59.1,73.1,29.7,32.5,29.9,35.288,31.584,22.324
20060728,2,0.1,0.1,0.1,72.1,60.1,74.1,27.6,32.2,28.9,33.436,38.992,24.176
20060729,2,0.1,0.1,0.1,76.1,60.1,85.1,28.6,32.6,27.6,29.732,33.436,20.472
20060730,1,0.1,0.3,0.1,53.1,60.1,77.1,31.4,32.0,29.0,14.916,18.62,13.064
20060731,0,0.1,0.1,0.1,67.1,60.1,76.1,28.5,31.0,28.5,22.324,33.436,14.916
20060801,2,0.1,0.1,0.1,73.1,64.1,76.1,27.5,30.5,28.9,20.472,38.992,16.768
20060802,0,0.1,0.1,0.1,66.1,44.1,74.1,29.0,33.1,29.8,22.324,18.62,22.324
20060803,0,0.1,1.0,0.1,54.1,35.1,71.1,28.7,34.5,30.0,29.732,29.732,24.176
20060804,0,0.1,0.1,0.1,62.1,38.1,72.1,30.2,34.0,30.2,26.028,27.88,24.176
20060805,0,0.1,0.1,0.1,60.1,47.1,75.1,29.6,34.0,29.9,27.88,29.732,27.88
20060806,2,0.1,0.1,0.1,68.1,48.1,80.1,29.2,32.9,28.8,29.732,35.288,18.62
20060807,0,0.1,0.3,0.1,73.1,66.1,74.1,28.8,32.1,30.1,38.992,26.028,26.028
20060808,0,0.1,0.1,0.1,65.1,50.1,67.1,27.5,32.0,28.8,35.288,37.14,20.472
20060809,0,0.1,0.1,0.1,64.1,55.1,73.1,27.4,30.7,28.0,31.584,37.14,18.62
20060810,0,0.1,0.1,0.1,65.1,52.1,71.1,28.6,31.9,29.0,33.436,31.584,26.028
20060811,2,0.1,0.3,0.1,67.1,56.1,73.1,29.5,32.6,29.4,35.288,27.88,22.324
20060812,1,0.1,0.1,0.1,66.1,54.1,71.1,27.2,30.9,29.0,31.584,16.768,26.028
20060813,0,0.1,0.1,0.1,63.1,50.1,75.1,29.0,31.7,28.8,22.324,26.028,13.064
20060814,0,0.1,0.1,0.1,67.1,59.1,73.1,28.3,30.5,29.5,14.916,26.028,9.36
20060815,0,0.1,0.1,0.1,68.1,62.1,77.1,29.1,30.8,29.0,16.768,27.88,9.36
20060816,0,0.1,0.1,0.1,71.1,62.1,75.1,28.9,31.3,30.0,14.916,22.324,11.212
20060817,0,0.1,0.1,0.1,64.1,62.1,71.1,29.4,30.7,29.9,13.064,16.768,11.212
20060818,0,0.1,0.1,0.1,61.1,60.1,83.1,30.6,31.8,29.5,16.768,22.324,18.62
20060819,0,0.1,0.1,0.1,74.1,59.1,77.1,30.5,32.7,31.8,16.768,16.768,5.656
20060820,3,0.1,0.1,0.1,72.1,60.1,82.1,31.0,33.4,30.4,13.064,26.028,14.916
20060821,2,0.1,0.3,0.1,55.1,51.1,72.1,32.7,33.7,31.9,5.656,16.768,5.656
20060822,0,0.1,0.1,0.1,61.1,62.1,80.1,32.1,33.4,31.7,22.324,22.324,13.064
20060823,1,0.1,0.5,0.1,54.1,24.1,83.1,32.0,37.3,31.2,16.768,26.028,7.508
20060824,0,0.1,0.1,0.1,63.1,61.1,76.1,31.4,33.0,31.0,14.916,24.176,14.916
20060825,0,0.1,0.1,0.1,69.1,62.1,73.1,29.6,32.2,30.0,16.768,18.62,16.768
20060826,0,0.1,0.1,0.1,61.1,56.1,68.1,29.5,32.3,30.8,24.176,31.584,16.768
20060827,2,0.1,0.1,0.1,67.1,63.1,71.1,29.4,31.1,30.2,24.176,35.288,16.768
20060828,0,0.1,0.2,0.1,71.1,60.1,76.1,30.2,32.0,31.8,24.176,22.324,26.028
20060829,1,0.1,0.1,0.1,55.1,48.1,62.1,29.1,32.8,30.9,35.288,37.14,22.324
20060830,1,0.1,0.1,0.1,63.1,50.1,65.1,28.2,31.7,30.4,24.176,24.176,22.324
20060831,0,0.1,0.1,0.1,65.1,36.1,69.1,27.3,32.0,30.2,26.028,22.324,24.176
20060901,0,0.1,0.1,0.1,59.1,59.1,63.1,28.3,30.6,29.7,24.176,33.436,22.324
20060902,0,0.1,0.1,0.1,53.1,49.1,57.1,28.0,30.3,29.9,16.768,27.88,14.916
20060903,0,0.1,0.1,0.1,58.1,47.1,61.1,29.0,30.7,29.4,11.212,22.324,13.064
20060904,0,0.1,0.1,0.1,53.1,46.1,67.1,28.8,31.4,29.9,29.732,27.88,26.028
20060905,2,0.1,0.1,0.1,59.1,45.1,72.1,29.8,31.9,30.1,14.916,18.62,20.472
20060906,0,0.1,0.1,0.1,66.1,55.1,69.1,28.7,31.4,29.6,24.176,20.472,20.472
20060907,0,0.1,0.1,0.1,59.1,59.1,72.1,29.8,31.3,29.4,14.916,18.62,18.62
20060908,0,0.1,0.1,0.1,67.1,53.1,69.1,28.2,31.6,29.4,22.324,24.176,18.62
20060909,1,0.1,0.1,0.1,52.1,56.1,71.1,30.5,31.3,29.4,11.212,16.768,16.768
20060910,2,0.1,0.1,0.1,50.1,54.1,67.1,30.2,32.3,31.0,22.324,20.472,31.584
20060911,1,0.1,0.1,0.1,64.1,43.1,70.1,27.9,33.3,29.3,29.732,37.14,22.324
20060912,1,0.1,0.1,0.1,70.1,37.1,79.1,28.8,33.0,29.4,20.472,24.176,13.064
20060913,1,0.1,0.1,0.1,58.1,32.1,72.1,30.0,33.0,29.6,18.62,18.62,16.768
20060914,1,0.1,0.1,0.1,61.1,58.1,67.1,28.9,30.1,29.9,24.176,18.62,22.324
20060915,0,0.1,0.1,0.1,56.1,54.1,68.1,28.9,30.9,29.7,18.62,20.472,18.62
20060916,1,0.1,0.1,0.1,65.1,49.1,73.1,28.0,31.7,29.4,22.324,24.176,16.768
20060917,2,0.1,0.1,0.1,63.1,56.1,72.1,29.8,31.0,29.8,11.212,16.768,13.064
20060918,2,0.1,0.1,0.1,32.1,34.1,63.1,31.6,32.5,30.7,5.656,14.916,7.508
20060919,1,0.1,0.1,0.1,55.1,47.1,71.1,29.0,31.6,29.6,26.028,29.732,16.768
20060920,0,0.1,0.1,0.1,58.1,54.1,65.1,27.3,29.4,28.0,33.436,37.14,20.472
20060921,1,0.3,0.1,4.1,53.1,51.1,64.1,26.4,30.0,27.8,26.028,38.992,22.324
20060922,0,0.1,0.1,0.1,55.1,57.1,63.1,27.0,28.9,27.0,29.732,38.992,24.176
20060923,1,0.1,0.1,0.1,45.1,48.1,59.1,26.2,29.0,27.3,27.88,35.288,18.62
20060924,0,0.1,0.1,0.1,47.1,46.1,59.1,27.0,28.7,27.8,18.62,27.88,9.36
20060925,0,0.3,0.1,0.5,42.1,40.1,49.1,25.5,28.9,26.5,31.584,38.992,29.732
20060926,0,0.1,0.1,0.1,40.1,40.1,61.1,26.9,28.8,27.6,11.212,20.472,16.768
20060927,0,0.1,0.1,0.1,59.1,45.1,66.1,26.4,29.2,27.8,11.212,16.768,13.064
20060928,1,0.1,0.1,0.1,53.1,52.1,63.1,28.5,30.3,28.7,7.508,16.768,9.36
20060929,3,0.1,0.1,0.1,60.1,46.1,60.1,28.8,31.8,30.8,31.584,18.62,31.584
20060930,0,0.1,0.1,0.1,66.1,62.1,74.1,26.5,29.7,28.3,31.584,38.992,27.88
20061001,0,0.1,0.1,0.1,50.1,55.1,60.1,26.7,28.3,26.9,16.768,31.584,14.916
20061002,1,0.1,0.2,0.1,57.1,59.1,59.1,26.5,27.6,27.4,13.064,14.916,16.768
20061003,0,0.2,0.7,0.1,70.1,50.1,68.1,25.4,27.9,28.5,11.212,24.176,26.028
20061004,0,0.1,0.1,0.1,64.1,43.1,70.1,26.6,29.5,28.2,24.176,20.472,27.88
20061005,0,0.1,0.1,0.1,49.1,61.1,66.1,27.6,28.5,28.0,5.656,18.62,18.62
20061006,0,0.1,0.1,0.1,57.1,49.1,64.1,27.2,29.6,28.1,13.064,20.472,20.472
20061007,0,0.1,0.1,0.1,56.1,60.1,69.1,27.3,28.2,27.4,20.472,18.62,22.324
20061008,0,0.1,0.1,0.1,59.1,58.1,62.1,24.9,28.1,26.5,20.472,18.62,22.324
20061009,0,0.1,0.1,0.1,62.1,50.1,70.1,26.0,28.4,27.4,27.88,29.732,20.472
20061010,0,0.1,0.1,0.1,41.1,42.1,62.1,27.2,29.4,27.7,14.916,18.62,18.62
20061011,3,0.1,0.1,0.1,64.1,57.1,78.1,26.2,28.5,26.1,31.584,24.176,24.176
20061012,0,17.1,0.2,0.5,57.1,56.1,62.1,28.1,28.8,29.1,9.36,20.472,16.768
20061013,1,0.9,0.1,13.1,61.1,54.1,58.1,26.3,28.9,27.1,5.656,14.916,9.36
20061014,0,1.2,0.1,0.9,66.1,61.1,69.1,24.2,25.8,25.1,24.176,27.88,14.916
20061015,0,2.1,0.2,6.1,53.1,45.1,56.1,24.1,26.0,25.6,20.472,11.212,22.324
20061016,0,0.2,0.6,0.1,45.1,43.1,53.1,24.8,26.2,24.3,24.176,38.992,20.472
20061017,0,0.1,0.3,0.1,51.1,43.1,53.1,24.6,26.6,25.3,7.508,26.028,3.804
20061018,0,0.1,0.1,0.1,61.1,57.1,61.1,25.6,27.5,27.5,27.88,24.176,33.436
20061019,2,7.3,6.2,21.1,51.1,43.1,55.1,23.4,25.8,23.2,20.472,27.88,9.36
20061020,0,5.7,0.3,3.4,51.1,39.1,59.1,22.2,25.1,23.3,24.176,20.472,20.472
20061021,1,0.1,0.2,0.1,51.1,43.1,61.1,23.3,25.8,24.1,16.768,20.472,16.768
20061022,0,0.1,0.1,0.1,59.1,49.1,71.1,23.5,25.4,23.5,7.508,13.064,13.064
20061023,1,0.1,0.1,0.1,61.1,47.1,78.1,23.9,25.9,17.0,9.36,16.768,9.36
20061024,1,0.1,0.1,0.3,50.1,47.1,63.1,24.8,25.4,24.3,13.064,18.62,7.508
20061025,1,2.1,10.2,0.1,81.1,54.1,65.1,20.2,25.1,25.9,16.768,16.768,18.62
20061026,0,0.1,0.1,0.1,71.1,50.1,72.1,23.6,26.4,25.2,20.472,26.028,22.324
20061027,1,1.1,2.1,0.7,32.1,23.1,53.1,24.1,24.7,24.2,9.36,22.324,20.472
20061028,0,0.3,0.7,0.1,48.1,45.1,37.1,20.5,21.6,23.6,3.804,24.176,11.212
20061029,0,0.1,5.1,0.1,36.1,43.1,58.1,23.4,22.4,23.6,16.768,14.916,20.472
20061030,0,4.3,0.3,5.1,78.1,52.1,73.1,19.9,23.9,21.6,5.656,13.064,11.212
20061031,0,2.1,1.2,19.1,47.1,44.1,63.1,25.2,27.0,25.4,16.768,29.732,37.14
20061101,0,32.2,21.5,27.4,61.1,63.1,77.1,21.3,22.2,20.3,11.212,13.064,9.36
20061102,0,1.3,11.8,1.1,58.1,62.1,63.1,21.5,22.6,22.7,22.324,7.508,22.324
20061103,0,7.1,2.1,3.3,69.1,90.1,72.1,22.2,19.2,23.0,5.656,29.732,3.804
20061104,0,4.1,2.2,6.1,44.1,55.1,57.1,18.5,19.5,18.6,29.732,20.472,33.436
20061105,0,0.5,0.1,1.1,34.1,37.1,42.1,13.8,15.3,15.4,24.176,33.436,33.436
20061106,0,0.1,0.1,0.1,28.1,38.1,40.1,17.1,16.0,18.3,13.064,7.508,16.768
20061107,0,0.1,0.1,0.1,46.1,45.1,66.1,18.0,17.9,17.1,18.62,13.064,7.508
20061108,0,0.1,0.1,0.1,36.1,32.1,35.1,20.8,20.8,21.3,26.028,22.324,9.36
20061109,0,0.1,0.1,0.1,49.1,44.1,48.1,19.1,20.8,21.8,13.064,9.36,20.472
20061110,0,0.1,0.1,0.1,52.1,43.1,57.1,20.1,20.8,21.6,11.212,13.064,14.916
20061111,0,0.1,0.2,0.1,46.1,44.1,54.1,20.3,21.8,22.3,7.508,9.36,14.916
20061112,0,0.1,0.1,5.1,49.1,42.1,58.1,20.4,22.6,21.7,13.064,14.916,11.212
20061113,0,0.1,0.1,0.1,52.1,53.1,59.1,21.3,22.3,21.7,14.916,29.732,13.064
20061114,0,0.3,0.2,3.1,54.1,47.1,62.1,20.9,22.9,22.1,24.176,33.436,26.028
20061115,0,2.1,0.1,0.2,48.1,37.1,47.1,20.2,22.4,22.2,5.656,16.768,13.064
20061116,0,0.1,0.1,0.1,36.1,29.1,54.1,20.5,21.8,21.9,18.62,14.916,11.212
20061117,0,0.1,0.1,0.1,48.1,35.1,60.1,19.8,21.0,22.0,11.212,13.064,18.62
20061118,0,0.1,0.1,0.1,58.1,54.1,64.1,20.0,21.9,21.0,16.768,20.472,16.768
20061119,0,0.1,0.1,0.1,48.1,43.1,65.1,21.2,23.3,22.4,9.36,14.916,7.508
20061120,0,0.1,0.1,0.1,45.1,42.1,44.1,19.9,21.2,22.2,9.36,7.508,3.804
20061121,0,0.1,0.1,0.1,45.1,37.1,43.1,20.8,22.0,22.9,14.916,14.916,11.212
20061122,0,0.2,0.1,0.1,34.1,35.1,38.1,20.5,21.3,22.6,18.62,16.768,11.212
20061123,1,0.1,0.1,0.1,42.1,37.1,40.1,20.6,21.6,22.4,24.176,18.62,9.36
20061124,0,0.1,0.1,0.1,45.1,41.1,44.1,20.7,22.1,22.8,16.768,13.064,13.064
20061125,0,0.1,0.1,0.1,37.1,43.1,57.1,20.9,22.5,22.8,5.656,11.212,5.656
20061126,0,0.1,0.1,0.1,41.1,42.1,46.1,20.7,23.0,22.1,7.508,11.212,7.508
20061127,0,0.1,0.1,0.1,32.1,30.1,46.1,21.0,23.8,22.2,11.212,13.064,13.064
20061128,0,0.1,0.1,0.1,37.1,33.1,51.1,21.4,23.0,22.3,5.656,9.36,11.212
20061129,0,0.1,0.1,0.1,50.1,35.1,51.1,20.8,22.3,22.4,9.36,14.916,5.656
20061130,0,0.1,0.1,0.1,52.1,28.1,48.1,21.7,22.7,22.5,26.028,24.176,11.212
20061201,0,0.1,0.1,0.1,32.1,22.1,47.1,21.4,22.2,22.6,13.064,16.768,9.36
20061202,0,0.1,0.1,0.1,22.1,24.1,40.1,19.9,21.6,21.9,13.064,11.212,7.508
20061203,0,0.1,0.1,0.1,30.1,34.1,40.1,19.5,19.6,20.7,29.732,20.472,18.62
20061204,0,0.1,0.1,0.1,21.1,23.1,37.1,20.0,20.1,21.4,14.916,18.62,18.62
20061205,0,0.1,0.1,0.1,31.1,28.1,41.1,18.4,19.3,20.0,22.324,14.916,16.768
20061206,0,0.1,0.1,0.1,33.1,37.1,41.1,18.5,19.4,21.1,26.028,20.472,29.732
20061207,0,0.1,0.1,0.1,33.1,33.1,29.1,18.4,19.5,21.0,20.472,13.064,7.508
20061208,0,0.1,0.1,0.1,47.1,44.1,51.1,18.7,19.6,20.7,7.508,11.212,3.804
20061209,0,0.1,0.1,0.1,35.1,33.1,43.1,18.4,19.6,19.5,35.288,18.62,9.36
20061210,0,0.1,0.1,0.1,36.1,27.1,35.1,19.7,21.0,22.5,7.508,24.176,11.212
20061211,1,0.1,0.1,0.1,54.1,38.1,57.1,19.2,20.2,21.0,13.064,16.768,14.916
20061212,0,0.1,0.1,1.1,63.1,61.1,77.1,17.8,18.5,18.1,7.508,7.508,7.508
20061213,0,1.3,7.2,2.1,51.1,58.1,54.1,19.2,19.1,20.0,26.028,13.064,5.656
20061214,0,0.1,0.1,0.9,46.1,36.1,53.1,18.5,20.4,21.0,14.916,9.36,14.916
20061215,0,0.1,0.1,0.1,34.1,27.1,43.1,17.9,17.6,20.6,33.436,33.436,7.508
20061216,0,0.1,0.1,0.1,17.1,22.1,39.1,18.7,18.5,19.6,26.028,18.62,9.36
20061217,0,0.1,0.1,0.1,27.1,34.1,54.1,20.5,19.8,20.7,3.804,16.768,27.88
20061218,0,0.1,0.1,0.1,62.1,58.1,58.1,17.9,19.5,20.4,7.508,5.656,9.36
20061219,0,0.1,0.3,0.1,71.1,61.1,47.1,18.1,19.7,21.6,20.472,7.508,24.176
20061220,1,0.1,0.5,0.1,53.1,49.1,63.1,19.0,20.1,20.7,16.768,16.768,24.176
20061221,0,0.1,0.1,0.1,64.1,63.1,73.1,18.6,19.3,20.8,24.176,14.916,26.028
20061222,0,0.2,0.2,0.3,37.1,36.1,57.1,18.2,16.7,19.9,20.472,20.472,11.212
20061223,0,1.2,0.1,0.3,27.1,27.1,20.1,13.7,14.2,17.5,27.88,26.028,14.916
20061224,0,0.1,0.1,0.1,32.1,28.1,38.1,16.4,17.6,18.0,5.656,18.62,14.916
20061225,0,0.1,0.1,0.1,52.1,42.1,56.1,15.6,18.3,17.6,13.064,24.176,18.62
20061226,0,1.2,0.3,0.4,43.1,61.1,47.1,15.5,11.9,17.1,20.472,24.176,22.324
20061227,0,1.1,0.2,0.1,21.1,23.1,26.1,8.2,8.4,9.5,26.028,31.584,29.732
20061228,0,0.1,0.1,0.1,39.1,16.1,41.1,11.8,13.0,14.2,0.1,14.916,24.176
20061229,0,0.1,0.1,0.1,43.1,40.1,50.1,14.4,14.6,15.2,5.656,11.212,16.768
20061230,0,0.2,0.2,0.1,55.1,57.1,51.1,15.6,15.5,17.6,14.916,14.916,9.36
20061231,0,23.1,0.4,0.1,46.1,69.1,38.1,14.8,13.4,18.2,31.584,26.028,13.064
20070101,0,0.1,0.1,0.1,44.1,37.1,39.1,15.6,17.1,17.9,24.176,20.472,20.472
20070102,0,0.1,0.1,0.1,54.1,42.1,53.1,15.7,17.3,18.0,11.212,9.36,18.62
20070103,0,0.2,0.1,0.1,48.1,48.1,49.1,17.2,17.7,18.6,11.212,20.472,26.028
20070104,1,0.1,0.1,0.1,51.1,52.1,55.1,17.4,18.5,19.4,13.064,26.028,24.176
20070105,0,21.1,5.1,21.1,84.1,72.1,68.1,12.4,13.8,15.7,5.656,5.656,31.584
20070106,0,0.4,12.0,3.1,44.1,66.1,58.1,15.4,14.5,16.7,20.472,7.508,18.62
20070107,0,0.1,0.2,0.1,45.1,44.1,46.1,15.3,15.2,18.0,14.916,20.472,11.212
20070108,0,0.2,0.1,0.1,42.1,36.1,42.1,15.5,16.3,17.4,9.36,5.656,5.656
20070109,0,0.1,0.1,0.1,48.1,49.1,45.1,15.2,15.9,18.0,9.36,9.36,5.656
20070110,0,0.1,0.1,0.1,50.1,44.1,48.1,16.0,16.4,17.3,29.732,22.324,13.064
20070111,0,0.1,0.1,0.1,49.1,39.1,47.1,15.0,16.1,17.4,26.028,24.176,13.064
20070112,0,0.2,0.1,0.1,37.1,32.1,45.1,14.8,15.5,17.0,9.36,18.62,14.916
20070113,0,0.1,0.1,0.5,54.1,42.1,71.1,14.7,16.5,13.5,16.768,7.508,11.212
20070114,0,0.1,0.1,0.2,54.1,41.1,51.1,17.0,17.1,18.3,5.656,11.212,14.916
20070115,0,0.1,0.1,0.1,51.1,45.1,63.1,16.8,18.0,18.1,9.36,16.768,11.212
20070116,0,0.1,0.1,0.1,40.1,25.1,46.1,17.7,19.3,19.2,11.212,20.472,24.176
20070117,1,0.1,0.1,0.1,54.1,34.1,55.1,17.0,19.4,19.1,11.212,20.472,20.472
20070118,0,0.1,0.1,0.1,57.1,50.1,54.1,16.6,18.2,18.6,9.36,20.472,7.508
20070119,0,0.1,0.1,0.1,51.1,47.1,53.1,16.2,17.1,17.8,16.768,27.88,13.064
20070120,0,30.1,5.1,17.1,84.1,84.1,83.1,14.5,14.9,14.9,22.324,13.064,26.028
20070121,0,5.1,7.9,1.2,25.1,27.1,26.1,16.6,16.3,18.5,18.62,31.584,18.62
20070122,0,0.1,0.1,0.1,43.1,43.1,42.1,17.2,17.6,18.5,14.916,22.324,16.768
20070123,0,0.1,0.1,0.1,37.1,53.1,52.1,17.2,17.7,18.5,5.656,11.212,7.508
20070124,1,0.1,0.3,0.1,59.1,63.1,55.1,18.1,18.8,19.7,13.064,13.064,24.176
20070125,0,0.1,0.4,0.1,56.1,50.1,58.1,18.6,19.6,21.1,26.028,14.916,14.916
20070126,0,0.1,0.1,0.1,35.1,43.1,50.1,19.3,19.8,20.7,22.324,11.212,14.916
20070127,1,0.1,0.1,0.1,47.1,53.1,65.1,18.6,19.2,19.6,3.804,16.768,9.36
20070128,0,0.2,0.2,0.3,72.1,78.1,81.1,17.3,17.4,18.1,31.584,38.992,48.252
20070129,0,0.1,1.0,0.1,45.1,43.1,52.1,12.1,13.5,13.9,24.176,16.768,16.768
20070130,0,3.2,0.1,0.8,43.1,37.1,55.1,15.2,15.3,15.8,29.732,31.584,27.88
20070131,0,0.1,0.1,0.4,37.1,37.1,38.1,14.0,15.6,15.7,27.88,22.324,27.88
20070201,0,0.1,0.1,0.1,38.1,29.1,44.1,15.0,16.1,16.8,7.508,7.508,7.508
20070202,0,0.1,0.1,0.1,46.1,51.1,54.1,16.0,14.6,16.7,7.508,16.768,20.472
20070203,0,28.1,23.1,44.1,81.1,72.1,85.1,12.5,14.7,13.0,7.508,18.62,13.064
20070204,0,1.3,63.1,1.4,44.1,44.1,49.1,13.0,14.9,14.3,27.88,26.028,33.436
20070205,0,40.1,42.1,20.1,76.1,81.1,65.1,12.3,14.3,16.9,31.584,46.4,33.436
20070206,0,8.1,11.2,11.4,53.1,54.1,66.1,12.4,12.5,13.0,26.028,11.212,33.436
20070207,0,0.1,0.1,0.1,40.1,48.1,40.1,14.6,15.0,16.7,9.36,11.212,14.916
20070208,0,0.1,0.1,0.1,49.1,49.1,55.1,15.4,15.6,16.9,11.212,7.508,16.768
20070209,0,0.1,0.1,0.1,45.1,43.1,54.1,16.5,18.0,17.3,14.916,16.768,7.508
20070210,0,0.9,0.2,0.2,47.1,42.1,51.1,17.4,18.4,19.1,9.36,11.212,5.656
20070211,0,0.1,0.1,0.1,52.1,51.1,52.1,16.5,17.8,18.5,16.768,7.508,18.62
20070212,0,0.1,0.3,0.1,64.1,67.1,52.1,17.2,17.9,19.8,20.472,13.064,14.916
20070213,0,1.1,1.1,0.1,64.1,66.1,69.1,16.8,17.2,19.4,13.064,13.064,33.436
20070214,0,2.2,1.2,0.1,73.1,85.1,77.1,17.1,16.5,18.6,22.324,26.028,37.14
20070215,0,8.1,5.8,12.1,55.1,53.1,75.1,15.5,16.4,13.7,13.064,7.508,44.548
20070216,0,3.1,1.0,3.3,51.1,46.1,62.1,16.1,17.5,17.9,9.36,14.916,11.212
20070217,0,2.2,0.4,3.6,85.1,64.1,87.1,15.2,16.8,13.5,16.768,13.064,20.472
20070218,0,8.9,2.1,2.4,64.1,52.1,61.1,16.2,18.7,17.3,16.768,20.472,9.36
20070219,0,0.2,0.1,0.1,56.1,54.1,67.1,17.7,17.1,19.2,11.212,16.768,16.768
20070220,0,0.1,0.1,0.1,65.1,60.1,63.1,16.7,17.7,17.6,9.36,9.36,13.064
20070221,0,0.1,0.1,0.1,58.1,54.1,51.1,19.4,20.4,21.2,22.324,16.768,13.064
20070222,0,0.1,0.1,0.1,53.1,48.1,52.1,19.8,21.8,20.6,9.36,14.916,9.36
20070223,0,0.1,0.1,0.1,64.1,57.1,68.1,18.1,18.9,19.5,13.064,11.212,18.62
20070224,0,0.1,0.4,0.1,55.1,67.1,66.1,19.6,20.2,20.6,14.916,16.768,20.472
20070225,0,15.5,0.9,1.1,75.1,67.1,65.1,16.1,17.7,18.8,0.1,7.508,9.36
20070226,0,0.3,0.1,0.2,69.1,59.1,68.1,13.8,17.3,15.7,27.88,22.324,38.992
20070227,0,0.1,0.1,0.1,46.1,52.1,55.1,16.5,17.2,17.8,20.472,31.584,16.768
20070228,0,0.1,0.1,0.6,60.1,57.1,69.1,16.3,18.7,17.6,13.064,20.472,24.176
20070301,1,38.2,8.2,18.8,52.1,55.1,61.1,17.5,19.6,18.6,16.768,18.62,16.768
20070302,0,0.1,0.2,0.1,59.1,59.1,66.1,17.8,19.3,18.6,18.62,33.436,7.508
20070303,0,0.5,0.2,0.1,63.1,63.1,68.1,18.3,20.1,19.7,16.768,37.14,18.62
20070304,0,0.1,0.1,0.1,64.1,65.1,65.1,17.3,19.7,19.2,16.768,37.14,9.36
20070305,0,0.3,0.1,0.1,69.1,51.1,67.1,17.4,20.7,19.5,29.732,7.508,24.176
20070306,0,0.1,0.1,0.1,30.1,28.1,44.1,17.5,19.0,19.0,9.36,29.732,29.732
20070307,0,0.1,0.1,0.1,39.1,42.1,46.1,17.6,18.3,19.1,11.212,14.916,7.508
20070308,0,0.1,0.1,0.1,32.1,37.1,47.1,18.0,20.9,18.9,16.768,18.62,14.916
20070309,0,0.1,0.1,0.1,27.1,29.1,56.1,20.3,21.6,20.9,11.212,18.62,16.768
20070310,0,0.1,0.1,0.1,42.1,49.1,54.1,19.8,20.6,20.5,24.176,13.064,18.62
20070311,0,0.1,0.1,0.1,43.1,32.1,55.1,21.9,22.6,22.7,27.88,29.732,16.768
20070312,0,0.1,0.1,0.1,69.1,64.1,73.1,18.5,20.6,19.3,22.324,26.028,16.768
20070313,0,0.1,0.4,0.3,63.1,58.1,75.1,16.7,20.0,16.9,31.584,42.696,31.584
20070314,0,34.1,19.1,11.9,54.1,82.1,48.1,10.6,8.4,13.4,27.88,24.176,40.844
20070315,0,1.5,1.3,1.8,55.1,79.1,51.1,12.9,10.1,16.2,7.508,26.028,33.436
20070316,0,0.1,0.7,0.1,43.1,42.1,45.1,15.9,16.2,18.5,31.584,9.36,18.62
20070317,0,0.1,0.1,0.1,38.1,25.1,41.1,16.6,18.7,18.7,7.508,20.472,31.584
20070318,0,0.1,0.1,0.1,52.1,55.1,61.1,17.4,17.6,18.1,31.584,38.992,18.62
20070319,0,0.1,0.1,0.1,54.1,58.1,57.1,17.8,19.1,19.0,24.176,26.028,14.916
20070320,0,0.2,0.3,0.3,62.1,61.1,64.1,17.6,17.6,19.4,29.732,7.508,31.584
20070321,0,0.1,0.3,0.1,45.1,55.1,59.1,20.8,21.5,21.0,20.472,11.212,24.176
20070322,0,0.1,0.1,0.1,50.1,60.1,71.1,20.2,20.7,19.8,14.916,5.656,18.62
20070323,0,2.2,0.2,1.1,81.1,63.1,76.1,17.4,19.4,19.3,1.952,7.508,14.916
20070324,0,0.5,0.8,1.1,52.1,47.1,54.1,16.9,18.4,17.3,33.436,27.88,37.14
20070325,0,0.1,0.1,0.1,53.1,57.1,58.1,17.2,18.1,19.1,33.436,31.584,27.88
20070326,0,0.1,0.2,0.1,46.1,49.1,61.1,17.9,19.3,19.3,13.064,18.62,18.62
20070327,0,0.1,0.1,0.1,55.1,43.1,63.1,18.0,20.1,19.3,22.324,24.176,20.472
20070328,0,0.1,0.2,0.1,53.1,51.1,59.1,18.1,19.7,19.1,22.324,37.14,14.916
20070329,0,0.1,0.1,0.1,55.1,44.1,55.1,18.0,19.8,20.0,9.36,16.768,7.508
20070330,0,0.1,0.3,0.1,53.1,60.1,64.1,19.2,19.5,19.9,9.36,14.916,18.62
20070331,0,0.2,0.2,0.2,77.1,70.1,62.1,16.5,17.9,18.7,11.212,3.804,3.804
20070401,0,0.2,9.4,0.4,58.1,69.1,63.1,18.0,18.2,19.7,29.732,1.952,27.88
20070402,0,0.1,0.1,0.1,52.1,52.1,59.1,18.0,20.1,19.9,26.028,20.472,31.584
20070403,0,0.1,0.1,0.1,38.1,38.1,41.1,18.1,18.4,20.5,14.916,20.472,22.324
20070404,0,0.1,0.1,0.1,42.1,43.1,44.1,18.1,19.6,19.7,11.212,22.324,16.768
20070405,0,0.3,0.2,0.1,38.1,53.1,19.1,20.1,19.6,26.0,37.14,26.028,27.88
20070406,0,0.1,0.1,0.1,70.1,59.1,67.1,18.1,21.8,18.9,14.916,9.36,14.916
20070407,0,1.3,2.5,0.5,64.1,55.1,73.1,20.6,21.5,20.3,7.508,16.768,7.508
20070408,0,0.1,0.1,0.3,68.1,45.1,68.1,17.9,22.5,20.3,27.88,18.62,18.62
20070409,0,0.1,0.1,0.1,57.1,69.1,71.1,19.5,20.1,21.0,20.472,27.88,18.62
20070410,0,19.2,0.9,0.1,91.1,62.1,70.1,9.2,15.9,19.0,11.212,16.768,11.212
20070411,0,13.1,1.3,0.1,65.1,35.1,70.1,19.7,22.1,21.0,16.768,24.176,14.916
20070412,0,0.1,0.3,2.1,62.1,62.1,70.1,19.4,19.9,15.7,11.212,18.62,29.732
20070413,0,0.2,0.1,6.1,30.1,46.1,62.1,21.2,21.2,20.2,7.508,11.212,13.064
20070414,0,0.1,0.1,0.1,56.1,46.1,63.1,19.5,20.6,21.4,9.36,20.472,18.62
20070415,0,0.1,0.1,0.1,67.1,54.1,68.1,18.7,21.8,20.0,26.028,44.548,16.768
20070416,0,0.1,0.1,0.1,57.1,44.1,60.1,19.6,20.3,20.1,9.36,16.768,16.768
20070417,0,3.7,5.2,0.9,53.1,68.1,62.1,19.1,16.7,18.6,35.288,24.176,14.916
20070418,0,0.1,3.1,4.1,54.1,71.1,64.1,16.9,16.0,17.7,35.288,3.804,31.584
20070419,0,0.3,0.1,0.1,33.1,37.1,43.1,19.9,21.4,20.4,35.288,22.324,26.028
20070420,0,0.1,0.1,0.1,63.1,55.1,69.1,19.2,21.2,21.0,27.88,29.732,26.028
20070421,0,0.1,0.6,0.1,45.1,42.1,64.1,20.7,21.5,20.9,18.62,18.62,26.028
20070422,0,0.1,0.1,0.1,33.1,39.1,46.1,22.4,23.4,22.7,27.88,16.768,7.508
20070423,0,2.2,0.8,0.9,53.1,22.1,22.1,21.9,28.5,29.9,20.472,22.324,24.176
20070424,0,0.1,0.1,0.1,33.1,33.1,41.1,20.6,20.8,22.1,11.212,22.324,24.176
20070425,0,0.1,0.1,0.1,30.1,24.1,47.1,21.9,22.5,21.8,24.176,18.62,13.064
20070426,0,0.1,0.1,0.1,25.1,27.1,44.1,21.8,21.9,20.7,5.656,22.324,13.064
20070427,0,0.1,0.1,0.1,50.1,43.1,54.1,23.3,24.9,23.7,13.064,14.916,14.916
20070428,0,0.1,0.1,0.1,53.1,54.1,61.1,22.6,23.4,22.8,13.064,16.768,9.36
20070429,0,0.1,0.1,0.1,54.1,50.1,63.1,19.0,21.7,19.6,33.436,53.808,22.324
20070430,1,0.1,0.1,0.1,64.1,58.1,71.1,20.4,22.2,21.4,20.472,37.14,18.62
20070501,0,0.1,0.1,0.1,58.1,57.1,59.1,20.6,21.8,22.0,9.36,16.768,9.36
20070502,0,0.1,0.1,0.1,52.1,59.1,48.1,22.4,22.9,23.1,7.508,22.324,5.656
20070503,2,0.1,0.1,0.1,34.1,31.1,64.1,27.1,29.9,23.7,31.584,16.768,14.916
20070504,1,0.1,0.1,0.1,48.1,35.1,73.1,23.6,29.6,23.1,24.176,24.176,26.028
20070505,1,0.1,0.2,0.1,54.1,65.1,70.1,24.2,23.7,22.9,9.36,13.064,7.508
20070506,1,0.1,0.1,0.1,37.1,35.1,66.1,30.4,32.4,25.5,7.508,13.064,11.212
20070507,0,0.1,0.1,0.1,51.1,55.1,39.1,27.0,26.7,30.0,5.656,16.768,7.508
20070508,2,0.1,0.1,0.1,60.1,67.1,75.1,24.5,26.1,24.9,16.768,18.62,11.212
20070509,0,1.0,2.5,7.1,60.1,79.1,75.1,22.5,23.0,22.6,20.472,7.508,16.768
20070510,0,1.0,0.6,5.1,57.1,57.1,62.1,24.5,23.5,26.4,31.584,27.88,11.212
20070511,1,38.5,35.1,11.1,71.1,87.1,54.1,22.1,20.2,25.1,20.472,24.176,24.176
20070512,0,2.3,4.2,0.5,68.1,73.1,81.1,22.7,23.3,22.3,9.36,13.064,5.656
20070513,0,0.6,0.2,1.7,77.1,73.1,75.1,21.5,23.8,23.4,13.064,37.14,13.064
20070514,0,0.1,0.1,0.1,62.1,67.1,70.1,24.0,23.6,23.4,7.508,14.916,11.212
20070515,0,0.1,0.3,0.1,68.1,65.1,74.1,22.7,25.4,23.7,13.064,20.472,13.064
20070516,0,0.1,0.1,0.1,71.1,62.1,80.1,22.3,25.4,23.4,14.916,13.064,7.508
20070517,0,0.2,0.7,0.4,75.1,85.1,83.1,22.6,22.6,22.7,5.656,9.36,9.36
20070518,0,0.1,0.1,0.1,63.1,64.1,71.1,23.0,24.2,23.9,9.36,14.916,13.064
20070519,1,0.1,0.2,0.1,65.1,64.1,68.1,24.4,25.1,25.1,24.176,16.768,29.732
20070520,1,0.1,0.1,0.1,65.1,60.1,66.1,21.6,26.1,23.9,42.696,46.4,24.176
20070521,0,0.1,0.1,0.1,59.1,54.1,63.1,21.9,24.1,23.7,24.176,18.62,26.028
20070522,0,0.1,0.1,0.1,59.1,54.1,63.1,22.5,25.3,23.8,16.768,22.324,31.584
20070523,1,0.1,0.1,0.1,61.1,49.1,63.1,21.8,24.9,23.7,35.288,20.472,27.88
20070524,0,0.1,0.1,0.1,63.1,61.1,64.1,23.2,23.9,24.0,7.508,18.62,18.62
20070525,0,0.1,0.1,0.1,67.1,45.1,72.1,22.8,29.0,24.1,33.436,20.472,33.436
20070526,1,0.1,0.1,0.1,55.1,59.1,65.1,24.0,25.0,25.0,22.324,14.916,18.62
20070527,0,0.1,0.1,0.1,40.1,47.1,68.1,26.0,26.6,24.7,22.324,22.324,26.028
20070528,0,0.1,0.1,0.1,59.1,55.1,71.1,23.6,26.2,24.2,16.768,29.732,18.62
20070529,0,0.1,0.2,0.2,53.1,65.1,70.1,26.3,26.1,25.5,16.768,16.768,31.584
20070530,0,0.1,0.1,0.1,43.1,53.1,63.1,30.2,29.0,27.7,13.064,18.62,35.288
20070531,0,0.1,0.1,0.1,55.1,45.1,57.1,22.9,27.8,24.8,33.436,31.584,29.732
20070601,0,0.1,0.1,0.1,49.1,50.1,56.1,23.4,25.5,25.4,27.88,24.176,18.62
20070602,0,0.1,0.1,0.1,54.1,46.1,58.1,24.2,25.9,24.1,14.916,18.62,14.916
20070603,1,0.1,0.1,0.1,53.1,55.1,65.1,24.6,26.7,25.8,26.028,24.176,18.62
20070604,1,0.1,0.1,0.1,44.1,46.1,71.1,26.2,29.1,25.8,26.028,18.62,26.028
20070605,0,0.1,0.1,0.1,40.1,57.1,59.1,26.7,28.0,26.5,24.176,20.472,29.732
20070606,0,0.1,0.1,0.1,37.1,37.1,66.1,28.4,31.2,26.0,22.324,29.732,18.62
20070607,0,0.1,0.1,0.1,60.1,62.1,72.1,24.6,25.2,24.2,35.288,44.548,18.62
20070608,0,0.1,0.2,0.1,68.1,61.1,72.1,24.4,26.3,25.1,20.472,37.14,20.472
20070609,1,0.1,0.1,0.1,63.1,60.1,66.1,25.0,26.5,26.0,18.62,31.584,9.36
20070610,0,0.5,0.3,0.1,68.1,70.1,44.1,25.4,26.0,30.5,27.88,18.62,31.584
20070611,0,0.1,0.1,0.1,71.1,58.1,67.1,24.6,28.3,26.9,42.696,35.288,24.176
20070612,1,0.1,0.1,0.1,64.1,60.1,67.1,25.0,26.7,25.9,13.064,27.88,14.916
20070613,0,0.1,0.1,0.1,59.1,65.1,69.1,25.9,27.4,26.2,9.36,20.472,14.916
20070614,0,0.1,0.1,0.1,60.1,38.1,68.1,25.2,30.2,26.3,20.472,29.732,16.768
20070615,0,0.1,0.1,0.1,60.1,51.1,74.1,26.7,29.9,27.6,27.88,35.288,22.324
20070616,0,0.1,0.1,0.1,63.1,53.1,76.1,26.0,29.9,25.7,29.732,29.732,18.62
20070617,0,0.1,0.1,0.1,66.1,62.1,72.1,25.5,27.8,26.8,13.064,31.584,11.212
20070618,0,0.1,0.1,0.1,66.1,65.1,76.1,26.0,28.4,27.3,16.768,22.324,9.36
20070619,0,0.1,0.1,0.1,73.1,67.1,78.1,26.0,29.3,28.3,20.472,26.028,13.064
20070620,2,0.1,0.2,0.1,33.1,68.1,79.1,31.5,29.2,28.6,11.212,18.62,9.36
20070621,0,0.1,0.1,0.1,36.1,36.1,68.1,31.9,32.1,29.6,7.508,22.324,9.36
20070622,3,0.1,0.1,0.1,30.1,46.1,42.1,31.4,31.1,31.4,20.472,18.62,9.36
20070623,0,0.1,0.1,0.1,22.1,29.1,68.1,32.9,34.9,31.6,11.212,26.028,11.212
20070624,1,0.1,0.1,0.1,28.1,26.1,49.1,34.9,36.0,32.8,11.212,24.176,18.62
20070625,0,0.1,0.1,0.1,42.1,36.1,43.1,33.5,36.2,35.3,9.36,16.768,9.36
20070626,2,0.1,0.1,0.1,27.1,32.1,62.1,34.8,34.9,32.2,9.36,20.472,11.212
20070627,3,0.1,0.1,0.1,61.1,30.1,64.1,32.2,35.1,32.7,5.656,13.064,24.176
20070628,1,0.1,0.2,0.1,43.1,51.1,46.1,34.1,34.1,34.3,5.656,20.472,5.656
20070629,2,0.1,0.2,0.1,50.1,47.1,72.1,33.6,35.1,31.2,14.916,18.62,29.732
20070630,1,0.1,0.1,0.1,67.1,66.1,68.1,29.0,30.5,31.3,11.212,13.064,16.768
20070701,2,0.1,0.1,0.1,72.1,63.1,73.1,28.8,31.1,29.3,16.768,26.028,9.36
20070702,0,0.1,0.1,0.1,67.1,65.1,66.1,29.5,31.7,30.7,20.472,33.436,13.064
20070703,0,0.1,0.1,0.1,74.1,40.1,69.1,29.0,33.3,31.1,16.768,24.176,18.62
20070704,2,0.1,0.1,0.1,51.1,42.1,66.1,30.1,34.1,30.6,31.584,24.176,20.472
20070705,1,0.1,0.1,0.1,56.1,51.1,63.1,27.1,30.5,29.0,13.064,35.288,11.212
20070706,0,0.1,0.1,0.1,66.1,62.1,70.1,28.9,30.9,30.1,20.472,35.288,22.324
20070707,1,0.1,0.1,0.1,65.1,59.1,69.1,27.6,30.1,29.3,13.064,35.288,13.064
20070708,0,0.1,0.1,0.1,47.1,46.1,70.1,30.9,33.2,31.3,11.212,16.768,13.064
20070709,1,0.1,0.1,0.1,36.1,27.1,72.1,33.4,35.3,31.9,14.916,22.324,9.36
20070710,3,0.1,0.4,0.1,58.1,42.1,76.1,30.9,34.2,31.2,20.472,22.324,16.768
20070711,0,0.1,0.1,0.1,66.1,59.1,73.1,30.0,32.5,29.9,24.176,29.732,16.768
20070712,3,0.1,0.3,0.1,61.1,53.1,70.1,29.2,31.8,29.7,26.028,31.584,22.324
20070713,1,0.1,0.1,0.1,64.1,49.1,69.1,27.4,32.1,28.3,27.88,35.288,18.62
20070714,0,0.1,0.1,0.1,62.1,50.1,62.1,28.0,31.0,29.7,16.768,33.436,14.916
20070715,0,0.1,0.1,0.1,75.1,49.1,73.1,28.2,33.0,30.9,16.768,24.176,14.916
20070716,4,0.1,0.1,0.1,46.1,14.1,58.1,31.1,36.6,31.4,14.916,27.88,29.732
20070717,2,0.1,0.1,0.1,52.1,45.1,56.1,30.2,31.6,31.4,13.064,18.62,14.916
20070718,0,0.1,0.1,0.1,42.1,41.1,50.1,31.8,32.7,32.3,7.508,18.62,9.36
20070719,1,0.1,0.1,0.1,48.1,42.1,54.1,31.6,33.1,32.1,9.36,20.472,14.916
20070720,0,0.1,0.1,0.1,73.1,53.1,73.1,29.4,33.0,31.2,11.212,20.472,9.36
20070721,2,0.1,0.1,0.1,49.1,47.1,71.1,31.5,34.2,30.6,27.88,24.176,18.62
20070722,1,0.1,0.1,0.1,71.1,64.1,72.1,28.7,32.2,30.6,22.324,37.14,16.768
20070723,1,0.1,0.1,0.1,67.1,63.1,72.1,29.9,32.2,31.1,9.36,18.62,11.212
20070724,1,0.1,0.2,0.1,68.1,72.1,77.1,30.9,31.3,31.5,9.36,18.62,11.212
20070725,0,0.1,0.2,0.3,66.1,61.1,75.1,31.0,33.4,31.4,13.064,20.472,9.36
20070726,0,0.1,0.3,0.1,56.1,44.1,75.1,32.1,34.6,32.1,13.064,26.028,9.36
20070727,0,0.1,0.2,0.1,42.1,52.1,71.1,33.2,34.5,32.1,16.768,20.472,14.916
20070728,0,0.1,0.1,0.1,56.1,27.1,74.1,32.8,38.4,32.9,18.62,13.064,26.028
20070729,0,0.1,0.1,0.1,66.1,45.1,76.1,32.8,35.1,32.6,18.62,18.62,27.88
20070730,0,0.1,0.1,0.1,71.1,74.1,82.1,32.0,33.0,32.1,14.916,18.62,13.064
20070731,1,0.1,0.1,0.1,69.1,67.1,76.1,31.9,33.7,32.8,13.064,18.62,11.212
20070801,1,0.1,0.1,0.1,69.1,62.1,70.1,30.2,33.9,32.1,26.028,29.732,22.324
20070802,0,0.1,0.1,0.1,65.1,61.1,67.1,29.9,32.4,31.3,24.176,37.14,13.064
20070803,0,0.1,0.1,0.1,66.1,62.1,70.1,30.7,33.2,32.1,24.176,29.732,22.324
20070804,0,0.1,0.1,0.1,67.1,54.1,72.1,29.9,33.7,30.5,22.324,31.584,16.768
20070805,0,0.1,0.1,0.1,62.1,59.1,65.1,29.1,31.5,30.6,22.324,40.844,16.768
20070806,2,0.1,0.1,0.1,56.1,56.1,60.1,29.0,31.0,30.6,24.176,38.992,20.472
20070807,0,0.1,0.1,0.1,54.1,47.1,57.1,28.1,31.6,29.5,31.584,40.844,18.62
20070808,0,0.1,0.1,0.1,58.1,55.1,66.1,28.6,30.3,28.8,29.732,38.992,20.472
20070809,0,0.1,0.1,0.1,58.1,55.1,65.1,29.0,31.2,30.2,20.472,33.436,18.62
20070810,0,0.1,0.1,0.1,59.1,62.1,69.1,30.6,31.7,31.4,24.176,31.584,16.768
20070811,1,0.1,0.1,0.1,48.1,48.1,71.1,30.7,33.6,31.5,14.916,20.472,18.62
20070812,0,0.1,0.1,0.1,65.1,43.1,69.1,28.0,32.3,30.1,24.176,33.436,18.62
20070813,0,0.1,0.1,0.1,63.1,54.1,67.1,28.2,31.9,30.3,24.176,31.584,18.62
20070814,0,0.1,0.1,0.1,62.1,58.1,67.1,28.5,31.0,29.7,20.472,33.436,13.064
20070815,0,0.1,0.1,0.1,63.1,61.1,71.1,28.8,31.3,29.8,16.768,29.732,11.212
20070816,0,0.1,0.1,0.1,61.1,58.1,68.1,29.2,31.7,30.2,14.916,27.88,13.064
20070817,0,0.1,0.1,0.1,67.1,60.1,73.1,29.3,32.0,31.2,22.324,31.584,20.472
20070818,0,0.1,0.1,0.1,68.1,64.1,75.1,30.8,32.3,31.0,11.212,22.324,14.916
20070819,2,0.1,0.1,0.1,71.1,60.1,71.1,29.4,32.2,31.1,26.028,31.584,22.324
20070820,0,0.1,0.1,0.1,64.1,61.1,67.1,29.4,31.2,30.1,18.62,35.288,13.064
20070821,0,0.1,0.1,0.1,65.1,46.1,71.1,29.8,32.2,29.7,16.768,20.472,16.768
20070822,0,0.1,0.1,0.1,68.1,52.1,75.1,29.8,32.8,30.1,18.62,18.62,18.62
20070823,0,0.1,0.1,0.1,58.1,59.1,70.1,32.4,33.3,31.7,5.656,20.472,5.656
20070824,1,0.1,0.1,0.1,52.1,26.1,40.1,32.6,36.9,35.8,9.36,16.768,11.212
20070825,3,0.1,0.2,0.1,60.1,53.1,72.1,31.7,33.6,32.1,3.804,13.064,22.324
20070826,1,0.1,0.1,0.1,62.1,52.1,75.1,30.9,32.8,31.6,16.768,29.732,13.064
20070827,0,0.1,0.1,0.1,63.1,39.1,74.1,30.0,35.7,32.0,20.472,27.88,22.324
20070828,0,0.1,0.1,0.1,68.1,63.1,71.1,29.9,32.5,31.2,16.768,27.88,11.212
20070829,0,0.1,0.1,0.1,70.1,65.1,70.1,30.4,32.1,31.6,11.212,18.62,20.472
20070830,0,0.1,0.1,0.1,67.1,42.1,69.1,29.8,34.5,31.2,24.176,18.62,22.324
20070831,1,0.1,0.1,0.1,58.1,46.1,76.1,32.1,34.1,31.6,13.064,18.62,13.064
20070901,0,0.1,0.1,0.1,66.1,60.1,77.1,31.7,33.2,31.6,7.508,16.768,7.508
20070902,2,0.1,0.1,0.1,73.1,64.1,77.1,30.7,32.9,31.9,14.916,22.324,14.916
20070903,0,0.1,0.1,0.1,65.1,64.1,75.1,31.5,33.0,32.2,13.064,22.324,18.62
20070904,2,0.1,0.1,0.1,66.1,61.1,67.1,29.6,32.8,31.1,24.176,26.028,18.62
20070905,1,0.1,0.1,0.1,55.1,53.1,62.1,30.0,32.4,31.7,24.176,18.62,24.176
20070906,0,0.1,0.1,0.1,60.1,53.1,64.1,30.1,32.6,31.2,35.288,27.88,33.436
20070907,1,0.1,0.1,0.1,67.1,43.1,72.1,29.4,35.0,29.8,40.844,16.768,26.028
20070908,3,0.1,0.1,0.1,52.1,46.1,63.1,27.2,32.0,28.3,35.288,40.844,24.176
20070909,0,0.1,0.1,0.1,44.1,41.1,56.1,26.0,30.0,27.2,29.732,42.696,22.324
20070910,0,0.1,0.1,0.1,48.1,41.1,55.1,26.1,29.1,28.1,13.064,18.62,13.064
20070911,0,0.1,0.1,0.1,46.1,47.1,60.1,26.9,29.9,29.0,22.324,27.88,26.028
20070912,2,0.1,0.1,0.1,48.1,47.1,49.1,26.5,29.9,28.9,18.62,22.324,16.768
20070913,0,0.1,0.1,0.1,46.1,46.1,60.1,27.1,29.4,29.1,16.768,26.028,20.472
20070914,1,0.1,0.1,0.1,48.1,40.1,69.1,28.9,32.3,29.2,9.36,20.472,11.212
20070915,0,0.1,0.1,0.1,34.1,24.1,63.1,30.2,33.6,29.7,16.768,26.028,24.176
20070916,0,0.1,0.1,0.1,62.1,41.1,66.1,27.5,31.7,27.8,22.324,20.472,14.916
20070917,0,0.1,0.1,0.1,57.1,45.1,62.1,29.7,32.4,30.1,7.508,16.768,13.064
20070918,1,0.1,0.1,0.1,25.1,48.1,65.1,31.2,32.0,30.2,14.916,18.62,18.62
20070919,0,0.1,0.1,0.1,52.1,33.1,65.1,28.3,33.3,29.5,22.324,24.176,18.62
20070920,1,0.1,0.1,0.1,51.1,33.1,62.1,27.0,30.6,28.3,16.768,24.176,11.212
20070921,0,0.1,0.1,0.1,52.1,50.1,60.1,26.7,29.2,27.7,14.916,24.176,11.212
20070922,0,0.1,0.1,0.1,54.1,54.1,62.1,26.4,28.7,27.7,14.916,22.324,9.36
20070923,0,0.1,0.1,0.1,60.1,59.1,64.1,26.4,29.0,27.9,24.176,31.584,20.472
20070924,0,0.2,0.1,0.1,43.1,47.1,63.1,26.8,28.4,27.3,16.768,24.176,20.472
20070925,0,0.1,0.1,0.1,59.1,47.1,66.1,26.3,30.2,28.1,20.472,22.324,18.62
20070926,0,0.1,0.1,0.1,63.1,60.1,64.1,27.5,29.0,28.6,9.36,16.768,18.62
20070927,1,0.1,0.1,0.1,38.1,28.1,57.1,29.4,32.1,29.3,20.472,16.768,31.584
20070928,0,0.1,0.1,0.1,39.1,36.1,73.1,30.2,32.1,28.8,14.916,26.028,26.028
20070929,0,0.1,0.1,0.1,59.1,46.1,76.1,28.7,31.4,28.5,13.064,20.472,14.916
20070930,0,0.3,0.1,0.1,64.1,60.1,76.1,27.9,29.9,28.5,7.508,13.064,13.064
20071001,0,0.1,0.1,0.1,62.1,60.1,76.1,29.3,30.1,28.5,9.36,7.508,9.36
20071002,0,0.1,0.1,0.1,55.1,50.1,62.1,30.9,32.1,30.0,22.324,16.768,7.508
20071003,0,0.2,0.1,0.1,58.1,59.1,63.1,26.3,28.9,28.0,13.064,26.028,16.768
20071004,1,0.1,0.1,0.1,50.1,53.1,62.1,27.1,29.1,28.3,13.064,27.88,20.472
20071005,2,0.2,4.2,0.1,46.1,52.1,58.1,27.3,26.1,27.7,11.212,14.916,18.62
20071006,1,0.2,0.1,0.1,56.1,56.1,67.1,26.4,28.3,27.7,20.472,27.88,22.324
20071007,0,0.1,0.1,0.1,66.1,61.1,66.1,27.3,27.9,27.7,9.36,14.916,16.768
20071008,1,0.1,0.1,0.1,63.1,59.1,64.1,27.1,30.5,28.6,11.212,14.916,13.064
20071009,0,0.1,0.1,0.1,42.1,42.1,70.1,30.5,32.1,29.0,18.62,9.36,24.176
20071010,0,0.1,0.1,0.1,70.1,57.1,72.1,27.1,29.2,28.6,24.176,20.472,22.324
20071011,0,0.1,0.1,0.1,69.1,63.1,76.1,27.3,29.1,27.7,11.212,20.472,14.916
20071012,0,0.1,0.1,0.1,62.1,59.1,71.1,26.5,28.6,28.0,13.064,20.472,11.212
20071013,0,0.1,0.1,0.1,55.1,61.1,62.1,26.3,28.3,27.6,24.176,29.732,18.62
20071014,0,0.1,0.1,0.1,50.1,51.1,57.1,25.4,27.4,26.4,26.028,37.14,20.472
20071015,0,0.1,0.1,0.1,47.1,49.1,50.1,24.9,28.4,26.7,29.732,38.992,26.028
20071016,0,0.1,0.1,0.1,36.1,16.1,35.1,23.7,26.1,25.5,7.508,22.324,13.064
20071017,0,0.1,0.1,0.1,35.1,31.1,41.1,23.8,25.6,25.1,13.064,26.028,13.064
20071018,0,0.1,0.1,0.1,30.1,25.1,35.1,27.2,28.3,26.8,37.14,27.88,14.916
20071019,0,0.1,0.1,0.1,30.1,36.1,50.1,27.2,29.3,27.9,13.064,22.324,18.62
20071020,0,0.1,0.1,0.1,47.1,38.1,61.1,25.3,29.4,26.1,20.472,18.62,26.028
20071021,2,0.1,0.1,0.1,43.1,53.1,59.1,25.8,27.8,26.4,9.36,24.176,16.768
20071022,0,0.1,0.1,0.1,44.1,66.1,70.1,26.8,26.3,26.5,5.656,13.064,16.768
20071023,0,0.1,0.2,0.1,36.1,58.1,60.1,28.5,28.4,28.1,7.508,13.064,13.064
20071024,0,0.1,0.1,0.1,51.1,63.1,56.1,25.6,27.6,25.7,22.324,18.62,33.436
20071025,0,0.1,0.1,0.1,53.1,51.1,56.1,24.1,26.2,25.8,26.028,20.472,26.028
20071026,0,0.1,0.1,0.1,58.1,50.1,61.1,24.3,26.8,26.5,9.36,18.62,18.62
20071027,1,0.1,0.1,0.1,56.1,39.1,53.1,25.2,27.2,26.7,13.064,16.768,20.472
20071028,0,0.1,0.1,0.1,55.1,33.1,57.1,24.4,27.2,26.3,7.508,18.62,13.064
20071029,1,0.1,0.1,0.1,60.1,47.1,64.1,24.2,26.5,25.6,11.212,29.732,13.064
20071030,1,0.1,0.1,3.1,55.1,49.1,79.1,24.5,26.2,23.5,29.732,16.768,29.732
20071031,0,0.1,0.1,0.1,59.1,59.1,64.1,23.9,24.4,25.7,9.36,14.916,7.508
20071101,0,0.1,0.1,0.1,63.1,61.1,69.1,24.3,26.1,25.8,11.212,20.472,7.508
20071102,2,0.1,0.1,0.1,60.1,63.1,70.1,25.8,26.5,26.2,11.212,16.768,29.732
20071103,1,0.1,0.1,0.1,61.1,47.1,73.1,25.4,28.1,26.3,31.584,14.916,22.324
20071104,1,0.2,0.1,0.1,64.1,52.1,71.1,24.3,27.2,25.4,18.62,35.288,14.916
20071105,1,0.1,0.2,0.1,53.1,47.1,65.1,27.4,29.3,27.7,7.508,14.916,7.508
20071106,1,0.1,0.2,0.1,62.1,62.1,63.1,27.3,27.6,28.2,3.804,24.176,3.804
20071107,2,0.2,0.1,0.5,42.1,46.1,57.1,21.1,23.6,22.4,35.288,38.992,33.436
20071108,0,0.1,0.1,0.1,38.1,41.1,48.1,19.8,22.2,21.6,24.176,44.548,26.028
20071109,0,15.1,0.9,23.1,43.1,40.1,54.1,20.9,24.3,22.0,29.732,9.36,26.028
20071110,0,0.1,0.1,0.1,45.1,41.1,51.1,20.8,22.7,21.5,11.212,26.028,9.36
20071111,0,0.3,1.0,3.2,41.1,29.1,53.1,18.1,22.4,19.7,38.992,27.88,38.992
20071112,0,0.1,0.1,0.1,42.1,37.1,47.1,19.6,21.5,20.9,20.472,14.916,20.472
20071113,0,0.1,0.1,0.1,47.1,43.1,54.1,20.0,22.1,22.4,5.656,27.88,16.768
20071114,1,12.1,0.1,0.1,56.1,51.1,58.1,21.3,23.5,23.3,11.212,27.88,11.212
20071115,0,0.1,0.1,0.1,51.1,40.1,51.1,23.1,24.3,23.7,1.952,16.768,7.508
20071116,0,0.1,0.1,0.1,42.1,49.1,53.1,24.2,25.0,24.1,5.656,18.62,16.768
20071117,0,0.1,0.1,0.1,32.1,38.1,56.1,23.3,25.4,23.9,9.36,16.768,16.768
20071118,0,0.1,0.1,0.1,45.1,52.1,59.1,23.0,23.4,23.8,7.508,13.064,14.916
20071119,0,0.1,3.1,1.0,46.1,48.1,53.1,20.3,21.8,21.0,22.324,14.916,18.62
20071120,1,6.1,11.1,6.1,37.1,34.1,49.1,18.6,20.3,19.4,33.436,31.584,33.436
20071121,0,13.1,0.4,13.3,60.1,48.1,47.1,15.2,17.9,20.2,13.064,26.028,16.768
20071122,0,0.1,0.1,0.1,37.1,28.1,43.1,20.3,22.0,21.8,11.212,16.768,16.768
20071123,0,0.1,0.1,0.1,45.1,36.1,52.1,20.2,21.7,21.6,20.472,13.064,24.176
20071124,0,0.1,0.1,0.1,35.1,41.1,41.1,20.7,20.4,21.1,7.508,11.212,13.064
20071125,0,0.1,0.1,0.1,41.1,42.1,46.1,20.1,21.2,21.4,9.36,16.768,18.62
20071126,0,0.1,0.1,0.1,34.1,36.1,42.1,19.6,21.2,21.0,9.36,9.36,11.212
20071127,0,0.1,0.1,0.1,48.1,46.1,56.1,20.0,20.4,20.9,7.508,13.064,14.916
20071128,0,0.1,0.1,0.1,60.1,49.1,66.1,19.6,21.9,21.3,26.028,16.768,22.324
20071129,0,0.1,0.1,0.1,50.1,50.1,64.1,20.0,20.0,21.3,22.324,16.768,22.324
20071130,0,0.1,0.1,0.1,45.1,47.1,61.1,19.2,18.7,20.6,27.88,26.028,3.804
20071201,0,0.1,0.1,0.1,49.1,44.1,64.1,20.5,21.2,20.9,5.656,11.212,11.212
20071202,0,23.1,1.1,29.1,48.1,37.1,45.1,21.2,21.2,21.6,22.324,14.916,26.028
20071203,0,0.1,0.1,0.1,47.1,53.1,50.1,18.6,19.6,20.3,14.916,16.768,14.916
20071204,0,0.1,0.1,0.1,49.1,53.1,50.1,19.0,19.8,20.5,7.508,18.62,9.36
20071205,0,1.7,11.1,15.1,61.1,77.1,68.1,20.4,20.3,21.5,18.62,7.508,42.696
20071206,0,50.1,12.9,31.1,89.1,63.1,58.1,12.7,15.2,17.6,7.508,14.916,42.696
20071207,0,12.7,0.2,2.5,52.1,44.1,52.1,17.1,19.7,18.9,22.324,11.212,29.732
20071208,0,0.7,0.1,1.0,55.1,54.1,64.1,18.0,19.0,19.0,9.36,13.064,3.804
20071209,0,0.2,0.1,0.1,60.1,65.1,64.1,18.0,18.9,19.9,9.36,11.212,14.916
20071210,0,5.1,3.3,3.2,62.1,65.1,76.1,19.2,20.2,19.2,22.324,27.88,11.212
20071211,0,3.1,0.1,1.4,58.1,61.1,66.1,20.0,21.6,21.2,18.62,33.436,18.62
20071212,0,0.7,0.2,0.1,60.1,62.1,63.1,20.5,21.9,22.2,5.656,20.472,13.064
20071213,0,0.2,2.3,1.1,57.1,51.1,68.1,19.7,21.9,19.0,16.768,29.732,18.62
20071214,0,21.4,4.1,14.1,49.1,50.1,57.1,17.4,19.0,18.8,27.88,5.656,24.176
20071215,0,0.3,0.3,0.1,65.1,55.1,61.1,15.5,16.8,17.5,5.656,1.952,11.212
20071216,0,9.1,5.2,11.1,56.1,49.1,57.1,17.5,18.8,18.5,24.176,18.62,24.176
20071217,0,0.1,0.1,0.1,57.1,43.1,55.1,18.0,18.4,19.4,7.508,14.916,13.064
20071218,0,0.7,0.1,0.1,77.1,38.1,45.1,15.2,18.1,18.1,9.36,7.508,16.768
20071219,0,0.1,0.1,0.1,48.1,40.1,59.1,15.0,15.1,16.5,26.028,22.324,18.62
20071220,0,0.1,0.1,0.1,52.1,47.1,40.1,13.1,13.9,15.5,38.992,27.88,22.324
20071221,0,0.1,0.1,0.1,46.1,39.1,51.1,16.2,16.7,17.7,9.36,16.768,11.212
20071222,0,0.3,0.1,0.6,62.1,52.1,50.1,16.2,17.0,19.0,13.064,14.916,14.916
20071223,0,0.1,0.1,0.1,47.1,45.1,48.1,17.1,18.1,18.3,14.916,11.212,7.508
20071224,0,0.1,0.1,0.1,46.1,46.1,58.1,18.0,17.5,17.3,7.508,9.36,9.36
20071225,0,0.1,0.1,0.5,58.1,57.1,60.1,16.8,16.9,18.3,11.212,5.656,11.212
20071226,0,0.1,0.1,0.1,53.1,55.1,55.1,17.7,18.3,19.5,5.656,11.212,7.508
20071227,0,0.1,0.1,0.1,59.1,48.1,55.1,17.8,18.9,19.6,18.62,13.064,18.62
20071228,0,0.2,0.1,0.1,54.1,42.1,47.1,16.6,18.1,18.6,26.028,27.88,7.508
20071229,0,0.1,0.1,0.1,41.1,37.1,41.1,16.1,15.7,18.6,14.916,24.176,13.064
20071230,0,0.1,0.1,0.1,38.1,31.1,46.1,14.6,15.9,16.7,13.064,11.212,9.36
20071231,0,0.1,0.1,0.1,33.1,43.1,37.1,16.4,16.2,17.3,29.732,24.176,7.508
